<?xml version="1.0" encoding="UTF-8"?>
<project-private xmlns="http://www.netbeans.org/ns/project-private/1">
    <editor-bookmarks xmlns="http://www.netbeans.org/ns/editor-bookmarks/2" lastBookmarkId="0"/>
    <open-files xmlns="http://www.netbeans.org/ns/projectui-open-files/2">
        <group>
            <file>file:/C:/Users/Hung/Desktop/Project%20PRJ321/web/home.jsp</file>
            <file>file:/C:/Users/Hung/Desktop/Project%20PRJ321/web/productdetail.jsp</file>
            <file>file:/C:/Users/Hung/Desktop/Project%20PRJ321/src/java/controller/SearchByBookNameServlet.java</file>
            <file>file:/C:/Users/Hung/Desktop/Project%20PRJ321/src/java/controller/CheckOutServlet.java</file>
            <file>file:/C:/Users/Hung/Desktop/Project%20PRJ321/src/java/com/entity/CartItem.java</file>
            <file>file:/C:/Users/Hung/Desktop/Project%20PRJ321/src/java/controller/SignupServlet.java</file>
            <file>file:/C:/Users/Hung/Desktop/Project%20PRJ321/src/java/com/dao/BookDAO.java</file>
            <file>file:/C:/Users/Hung/Desktop/Project%20PRJ321/web/WEB-INF/web.xml</file>
            <file>file:/C:/Users/Hung/Desktop/Project%20PRJ321/web/image/11.jpg</file>
            <file>file:/C:/Users/Hung/Desktop/Project%20PRJ321/src/java/controller/UpdateQuantityServlet.java</file>
            <file>file:/C:/Users/Hung/Desktop/Project%20PRJ321/web/css/orman.css</file>
            <file>file:/C:/Users/Hung/Desktop/Project%20PRJ321/web/css/ddsmoothmenu.css</file>
            <file>file:/C:/Users/Hung/Desktop/Project%20PRJ321/web/css/nivo-slider.css</file>
            <file>file:/C:/Users/Hung/Desktop/Project%20PRJ321/web/products.jsp</file>
            <file>file:/C:/Users/Hung/Desktop/Project%20PRJ321/web/bookType.jsp</file>
            <file>file:/C:/Users/Hung/Desktop/Project%20PRJ321/src/java/controller/LogoutServlet.java</file>
            <file>file:/C:/Users/Hung/Desktop/Project%20PRJ321/src/java/controller/AddCartServlet.java</file>
            <file>file:/C:/Users/Hung/Desktop/Project%20PRJ321/src/java/controller/EditCart.java</file>
            <file>file:/C:/Users/Hung/Desktop/Project%20PRJ321/src/java/com/entity/Category.java</file>
            <file>file:/C:/Users/Hung/Desktop/Project%20PRJ321/web/css/slimbox2.css</file>
            <file>file:/C:/Users/Hung/Desktop/Project%20PRJ321/src/java/com/entity/Cart.java</file>
            <file>file:/C:/Users/Hung/Desktop/Project%20PRJ321/src/java/com/model/DBModel.java</file>
            <file>file:/C:/Users/Hung/Desktop/Project%20PRJ321/web/shoppingcart.jsp</file>
            <file>file:/C:/Users/Hung/Desktop/Project%20PRJ321/web/js/jquery.min.js</file>
            <file>file:/C:/Users/Hung/Desktop/Project%20PRJ321/web/searchByBookName.jsp</file>
            <file>file:/C:/Users/Hung/Desktop/Project%20PRJ321/web/header.jsp</file>
            <file>file:/C:/Users/Hung/Desktop/Project%20PRJ321/src/java/com/context/DBContext.java</file>
            <file>file:/C:/Users/Hung/Desktop/Project%20PRJ321/web/contact.jsp</file>
            <file>file:/C:/Users/Hung/Desktop/Project%20PRJ321/src/java/com/entity/Customer.java</file>
            <file>file:/C:/Users/Hung/Desktop/Project%20PRJ321/src/java/controller/LoginServlet.java</file>
            <file>file:/C:/Users/Hung/Desktop/Project%20PRJ321/web/images/vietnam.png</file>
            <file>file:/C:/Users/Hung/Desktop/Project%20PRJ321/web/image/10.jpg</file>
            <file>file:/C:/Users/Hung/Desktop/Project%20PRJ321/web/WEB-INF/glassfish-web.xml</file>
            <file>file:/C:/Users/Hung/Desktop/Project%20PRJ321/web/js/jquery.nivo.slider.js</file>
            <file>file:/C:/Users/Hung/Desktop/Project%20PRJ321/src/java/com/entity/Account.java</file>
            <file>file:/C:/Users/Hung/Desktop/Project%20PRJ321/web/image/1.jpg</file>
            <file>file:/C:/Users/Hung/Desktop/Project%20PRJ321/web/image/14.jpg</file>
            <file>file:/C:/Users/Hung/Desktop/Project%20PRJ321/src/java/com/entity/Book.java</file>
        </group>
    </open-files>
</project-private>
